<keymap version="1" name="Visual Studio 2022 Custom" parent="Visual Studio 2022">
  <action id="ActivateBookmarksToolWindow">
    <keyboard-shortcut first-keystroke="ctrl k" second-keystroke="w" />
    <keyboard-shortcut first-keystroke="ctrl k" second-keystroke="ctrl w" />
  </action>
  <action id="ActivateFindToolWindow">
    <keyboard-shortcut first-keystroke="ctrl alt f12" />
  </action>
  <action id="ActivateStructureToolWindow">
    <keyboard-shortcut first-keystroke="ctrl alt t" />
    <keyboard-shortcut first-keystroke="alt 3" />
  </action>
  <action id="ActivateVersionControlToolWindow">
    <keyboard-shortcut first-keystroke="ctrl 0" second-keystroke="s" />
    <keyboard-shortcut first-keystroke="ctrl 0" second-keystroke="ctrl s" />
    <keyboard-shortcut first-keystroke="alt 2" />
  </action>
  <action id="ChangesView.Move" />
  <action id="CloseAllEditors">
    <keyboard-shortcut first-keystroke="ctrl f4" />
  </action>
  <action id="CloseAllUnpinnedEditors">
    <keyboard-shortcut first-keystroke="shift ctrl w" />
  </action>
  <action id="CloseContent">
    <keyboard-shortcut first-keystroke="ctrl w" />
  </action>
  <action id="EditorSelectWord">
    <keyboard-shortcut first-keystroke="shift alt equals" />
    <keyboard-shortcut first-keystroke="ctrl alt right" />
  </action>
  <action id="EditorToggleUseSoftWraps">
    <keyboard-shortcut first-keystroke="ctrl e" second-keystroke="w" />
    <keyboard-shortcut first-keystroke="ctrl e" second-keystroke="ctrl w" />
    <keyboard-shortcut first-keystroke="alt z" />
  </action>
  <action id="EditorUnSelectWord">
    <keyboard-shortcut first-keystroke="shift alt minus" />
    <keyboard-shortcut first-keystroke="ctrl alt left" />
  </action>
  <action id="HideActiveWindow">
    <keyboard-shortcut first-keystroke="shift space" />
  </action>
  <action id="HideAllWindows">
    <keyboard-shortcut first-keystroke="shift escape" />
  </action>
  <action id="PinActiveEditorTab">
    <keyboard-shortcut first-keystroke="shift alt w" />
  </action>
  <action id="SmartSelect">
    <keyboard-shortcut first-keystroke="shift alt equals" />
    <keyboard-shortcut first-keystroke="ctrl alt right" />
  </action>
  <action id="SmartUnSelect">
    <keyboard-shortcut first-keystroke="shift alt minus" />
    <keyboard-shortcut first-keystroke="ctrl alt left" />
  </action>
  <action id="TableResult.GrowSelection">
    <keyboard-shortcut first-keystroke="shift alt equals" />
    <keyboard-shortcut first-keystroke="ctrl alt right" />
  </action>
  <action id="TableResult.ShrinkSelection">
    <keyboard-shortcut first-keystroke="shift alt minus" />
    <keyboard-shortcut first-keystroke="ctrl alt left" />
  </action>
  <action id="UsageFiltering.WriteAccess" />
  <action id="Vcs.MoveChangedLinesToChangelist" />
  <action id="tasks.close" />
</keymap>